{"cameraMode":{"drawMode":0,"name":"Shaded","section":"Shading Mode"},"sceneLighting":false,"audioPlay":false,"sceneViewState":{"m_AlwaysRefresh":false,"showFog":true,"showSkybox":false,"showFlares":true,"showImageEffects":true,"showParticleSystems":true,"showVisualEffectGraphs":true,"m_FxEnabled":true},"in2DMode":false,"pivot":{"x":13.319999694824219,"y":0.7049503326416016,"z":1.1920928955078126e-7},"rotation":{"x":0.08367077261209488,"y":0.07377282530069351,"z":-0.00621160538867116,"w":0.9937388896942139},"size":2.0349061489105226,"orthographic":false}