{"cameraMode":{"drawMode":0,"name":"Shaded","section":"Shading Mode"},"sceneLighting":true,"audioPlay":false,"sceneViewState":{"m_AlwaysRefresh":false,"showFog":true,"showSkybox":true,"showFlares":true,"showImageEffects":true,"showParticleSystems":true,"showVisualEffectGraphs":true,"m_FxEnabled":true},"in2DMode":false,"pivot":{"x":-5.89006233215332,"y":10.055216789245606,"z":10.107873916625977},"rotation":{"x":0.011348496191203595,"y":-0.32487034797668459,"z":0.003898324677720666,"w":0.9456772208213806},"size":12.574606895446778,"orthographic":false}